Cast Member,Season #
Larry David,41
Vanessa Bayer,41
Beck Bennett,41
Aidy Bryant,41
Bill Corsair,41
Pete Davidson,41
Darrell Hammond,41
Leslie Jones,41
Taran Killam,41
Kate McKinnon,41
Kyle Mooney,41
Bobby Moynihan,41
Jay Pharoah,41
Jon Rudnitsky,41
Cecily Strong,41
Kenan Thompson,41
Sasheer Zamata,41
Fred Armisen,41
Donna Richards,41
Andy Samberg,41
Jason Sudeikis,41
Courtney Barnett,41
Colin Jost,41
Michael Che,41
Maya Rudolph,41
Carrie Brownstein,41
Drake,41
Steve Higgins,41
Lorne Michaels,41
Dana Carvey,41
Phil Hartman,41
Brie Larson,41
Amy Davidson,41
Heather Desaulniers,41
Laura Campbell,41
Alicia Keys,41
Julia Louis-Dreyfus,41
Tony Hale,41
Nick Jonas,41
Tove Lo,41
Russell Crowe,41
Al Sharpton,41
Margo Price,41
Mike O'Brien,41
Peter Dinklage,41
Gwen Stefani,41
Ariana Grande,41
Jonah Hill,41
Future,41
The Weeknd,41
Melissa McCarthy,41
Kanye West,41
El DeBarge,41
Kelly Price,41
Kirk Franklin,41
The-Dream,41
Young Thug,41
Von Miller,41
Al Roker,41
Dylan Dreyer,41
Natalie Morales,41
Chance the Rapper,41
Bernie Sanders,41
The 1975,41
Owen Wilson,41
Ben Stiller,41
Tina Fey,41
Ronda Rousey,41
Selena Gomez,41
Wally Feresten,41
Adam Driver,41
Chris Stapleton,41
Liev Schreiber,41
Amy Poehler,41
Bruce Springsteen & The E Street Band,41
Amy Schumer,41
Gayle King,41
Paul McCartney,41
Will Ferrell,41
Chris Hemsworth,41
Akira Yoshimura,41
Jeremih,41
Ryan Gosling,41
Mike Myers,41
Leon Bridges,41
Danielle Flora,41
Paula Pell,41
Matthew McConaughey,41
Daisy Ridley,41
Emma Stone,41
J.J. Abrams,41
John Boyega,41
Jon Hamm,41
Michael Buble,41
Adele,41
Elizabeth Banks,41
Don Roy King,41
Lenny Pickett,41
Disclosure,41
Lorde,41
Sam Smith,41
Donald Trump,41
Ivanka Trump,41
Martin Short,41
Sia,41
Gena Rositano,41
Alec Baldwin,41
Tracy Morgan,41
Jack McBrayer,41
Jane Krakowski,41
Demi Lovato,41
Nicki Minaj,41
Miley Cyrus,41
Hillary Clinton,41
The Flaming Lips,41
Vanessa Bayer,40
Beck Bennett,40
Aidy Bryant,40
Pete Davidson,40
Darrell Hammond,40
Leslie Jones,40
Taran Killam,40
Kate McKinnon,40
Kyle Mooney,40
Bobby Moynihan,40
Jay Pharoah,40
Cecily Strong,40
Kenan Thompson,40
Sasheer Zamata,40
Louis C.K.,40
Steve Higgins,40
Rihanna,40
Colin Jost,40
Michael Che,40
Mikey Day,40
Reese Witherspoon,40
Amy Davidson,40
Betty Witherspoon,40
Carolyn Bayer,40
Elizabeth Thompson,40
Georganne Bryant,40
Ivory Steward,40
Julie Moynihan,40
Laura Campbell,40
Linda Mooney,40
Penny Strong,40
Ramona Farrow,40
Sarah Bennett,40
Florence + The Machine,40
Scarlett Johansson,40
Danielle Flora,40
Wiz Khalifa,40
Charlie Puth,40
Taraji P. Henson,40
Bill Corsair,40
Nikolaj Coster-Waldau,40
Mumford & Sons,40
Billy Crystal,40
Jim Henson's Muppets,40
Michael Keaton,40
Mike O'Brien,40
Carly Rae Jepsen,40
Norman Reedus,40
Dwayne Johnson,40
George Ezra,40
Chris Hemsworth,40
Liam Hemsworth,40
Luke Hemsworth,40
Zac Brown Band,40
Chris Cornell,40
Dakota Johnson,40
Don Johnson,40
Melanie Griffith,40
Alabama Shakes,40
J.K. Simmons,40
Fred Armisen,40
D'Angelo,40
Jason Sudeikis,40
Blake Shelton,40
Kent Sublette,40
Kevin Hart,40
Sia,40
Mike Myers,40
Amy Adams,40
Kristen Wiig,40
Gena Rositano,40
Harry Styles,40
Liam Payne,40
Louis Tomlinson,40
Niall Horan,40
Zayn Malik,40
One Direction,40
Martin Freeman,40
Charli XCX,40
James Franco,40
Seth Rogen,40
Nicki Minaj,40
Skylar Grey,40
Cameron Diaz,40
Mark Ronson,40
Bruno Mars,40
Mystikal,40
Woody Harrelson,40
Jennifer Lawrence,40
Josh Hutcherson,40
Uzo Aduba,40
Kendrick Lamar,40
Chantal Kreviazuk,40
Jay Rock,40
Chris Rock,40
Prince,40
3RDEYEGIRL,40
Jim Carrey,40
Jeff Daniels,40
Iggy Azalea,40
Rita Ora,40
Lorne Michaels,40
MO,40
Bill Hader,40
Harvey Fierstein,40
Hozier,40
Sarah Silverman,40
Wally Feresten,40
Adam Levine,40
Maroon 5,40
Chris Pratt,40
Anna Faris,40
Ariana Grande,40
The Weeknd,40
Maya Rudolph,39
Bobby Moynihan,39
Jay Pharoah,39
Kenan Thompson,39
Sasheer Zamata,39
Andy Samberg,39
Bill Hader,39
Martin Short,39
Seth Meyers,39
Aidy Bryant,39
Kate McKinnon,39
Kyle Mooney,39
Cecily Strong,39
Lil Jon,39
Vanessa Bayer,39
Beck Bennett,39
Taran Killam,39
John Milhiser,39
Mike O'Brien,39
Nasim Pedrad,39
Noel Wells,39
Brooks Wheelan,39
Steve Higgins,39
St. Vincent,39
Don Pardo,39
Colin Jost,39
Paul Rudd,39
Fred Armisen,39
Kristen Wiig,39
Pharrell Williams,39
Tatiana Maslany,39
Akiva Schaffer,39
Jorma Taccone,39
2 Chainz,39
Charlize Theron,39
The Black Keys,39
Barbara Walters,39
Andrew Garfield,39
Emma Stone,39
Kiefer Sutherland,39
Mary Lynn Rajskub,39
Coldplay,39
Leslie Jones,39
Chris Martin,39
Seth Rogen,39
James Franco,39
Taylor Swift,39
Zooey Deschanel,39
Ed Sheeran,39
Anna Kendrick,39
Danielle Flora,39
Lorne Michaels,39
Paula Pell,39
Icona Pop,39
Hans Zimmer,39
Louis C.K.,39
Sam Smith,39
Liam Neeson,39
Lena Dunham,39
Jon Hamm,39
The National,39
Jim Parsons,39
Beck,39
Father John Misty,39
Melissa McCarthy,39
James Anderson,39
Imagine Dragons,39
Kendrick Lamar,39
Amy Poehler,39
Jonah Hill,39
Leonardo DiCaprio,39
Bastille,39
Michael Cera,39
Drake,39
Jhene Aiko,39
Jimmy Fallon,39
Justin Timberlake,39
Paul McCartney,39
Barry Gibb,39
Madonna,39
Michael Bloomberg,39
Chris Rock,39
John Goodman,39
Caleb Followill,39
Jared Followill,39
Matthew Followill,39
Nathan Followill,39
Robert DeNiro,39
Sylvester Stallone,39
Kings of Leon,39
Wale,39
One Direction,39
David Koechner,39
Steve Carell,39
Will Ferrell,39
Josh Hutcherson,39
HAIM,39
Lady Gaga,39
R. Kelly,39
Kerry Washington,39
Al Sharpton,39
Eminem,39
Rick Rubin,39
Skylar Grey,39
Edward Norton,39
Alec Baldwin,39
Miley Cyrus,39
Janelle Monae,39
Bruce Willis,39
Katy Perry,39
Aaron Paul,39
Kent Sublette,39
Tina Fey,39
Regine Chassagne,39
William Butler,39
Win Butler,39
Arcade Fire,39
Bill Hader,38
Jason Sudeikis,38
Kenan Thompson,38
Ben Affleck,38
Jennifer Garner,38
Wally Feresten,38
Bobby Moynihan,38
Fred Armisen,38
Vanessa Bayer,38
Steve Higgins,38
Taran Killam,38
Nasim Pedrad,38
Aidy Bryant,38
Kate McKinnon,38
Cecily Strong,38
Jay Pharoah,38
Kanye West,38
Don Pardo,38
Seth Meyers,38
Amy Poehler,38
Anderson Cooper,38
Tim Robinson,38
Aimee Mann,38
Carrie Brownstein,38
J. Mascis,38
Kim Gordon,38
Michael Penn,38
Steve Jones,38
Jim Downey,38
Kristen Wiig,38
Jonah Hill,38
Maya Rudolph,38
Lorne Michaels,38
John Solomon,38
Vampire Weekend,38
Paula Pell,38
Zach Galifianakis,38
Nikolaj Coster-Waldau,38
Bradley Cooper,38
Ed Helms,38
Of Monsters And Men,38
Jon Hamm,38
Vince Vaughn,38
Miguel,38
Dennis Rodman,38
Melissa McCarthy,38
Phoenix,38
Peter Dinklage,38
Justin Timberlake,38
Alec Baldwin,38
Candice Bergen,38
Chevy Chase,38
Dan Aykroyd,38
Martin Short,38
Paul Simon,38
Steve Martin,38
Tom Hanks,38
Mike O'Brien,38
Andy Samberg,38
Jay-Z,38
Kevin Hart,38
Adam Epstein,38
Macklemore,38
Ryan Lewis,38
Wanz,38
Ray Dalton,38
Christoph Waltz,38
Alabama Shakes,38
Justin Bieber,38
Whoopi Goldberg,38
Adam Levine,38
Cameron Diaz,38
Jerry Seinfeld,38
Kendrick Lamar,38
Danny McBride,38
Akiva Schaffer,38
Jorma Taccone,38
Mickey Madden,38
Jennifer Lawrence,38
The Lumineers,38
The New York City Children's Chorus,38
Jimmy Fallon,38
Paul Shaffer,38
Samuel L. Jackson,38
Tina Fey,38
Danielle Flora,38
Paul McCartney,38
Joe Walsh,38
Dave Grohl,38
Krist Novoselic,38
Pat Smear,38
Jamie Foxx,38
2 Chainz,38
Ne-Yo,38
Dermot Mulroney,38
Charlie Day,38
Jeremy Renner,38
Maroon 5,38
Chris Christie,38
Anne Hathaway,38
Rihanna,38
Louis C.K.,38
Fun.,38
Bruno Mars,38
Usain Bolt,38
Christina Applegate,38
Passion Pit,38
Chris Parnell,38
Daniel Craig,38
Muse,38
Big Bird,38
Joseph Gordon-Levitt,38
Mumford & Sons,38
Seth MacFarlane,38
Psy,38
Frank Ocean,38
John Mayer,38
Jon Hamm,37
Fred Armisen,37
Vanessa Bayer,37
Abby Elliott,37
Steve Higgins,37
Kate McKinnon,37
Nasim Pedrad,37
Kristen Wiig,37
Mick Jagger,37
Bill Hader,37
Taran Killam,37
Bobby Moynihan,37
Chris Parnell,37
Andy Samberg,37
Jason Sudeikis,37
Kenan Thompson,37
Arcade Fire,37
Nikolai Fraiture,37
Seth Meyers,37
Foo Fighters,37
Steve Martin,37
Jeff Beck,37
Lenny Pickett,37
Amy Poehler,37
Chris Kattan,37
Rachel Dratch,37
Will Forte,37
Lorne Michaels,37
Jay Pharoah,37
Will Ferrell,37
Kay Ferrell,37
Wally Feresten,37
Adam Epstein,37
Ana Gasteyer,37
Mike O'Brien,37
Usher,37
Julian Casablancas,37
Justin Bieber,37
Justin Timberlake,37
Michael Bolton,37
Natalie Portman,37
Danielle Flora,37
Akiva Schaffer,37
Jorma Taccone,37
Liam Neeson,37
Paula Pell,37
Eli Manning,37
Abby McGrew,37
Chris Snee,37
David Baas,37
David Diehl,37
Shaun O'Hara,37
John Solomon,37
Rihanna,37
Sacha Baron Cohen,37
Martin Scorsese,37
Josh Brolin,37
Steven Spielberg,37
Gotye,37
Kimbra,37
Jim Downey,37
Sofia Vergara,37
Manolo Gonzalez,37
One Direction,37
Harry Styles,37
Liam Payne,37
Louis Tomlinson,37
Niall Horan,37
Zayn Malik,37
Jonah Hill,37
Tom Hanks,37
John McEnroe,37
The Shins,37
Don Pardo,37
Lindsay Lohan,37
Jimmy Fallon,37
Jack White,37
Ruby Amanfu,37
Maya Rudolph,37
Paul Simon,37
Phil Hyms,37
Sleigh Bells,37
Bill O'Reilly,37
Kate Upton,37
Zooey Deschanel,37
Jean Dujardin,37
Karmin,37
Nicolas Cage,37
Channing Tatum,37
Bon Iver,37
Ken Aymong,37
Daniel Radcliffe,37
Paul Brittain,37
Lana Del Rey,37
Charles Barkley,37
Kelly Clarkson,37
Michael Buble,37
Gena Rositano,37
Horatio Sanz,37
Tracy Morgan,37
Jude Law,37
Tina Fey,37
Darrell Hammond,37
Katy Perry,37
Matt Damon,37
Val Kilmer,37
James Anderson,37
Kent Sublette,37
Robyn,37
Alec Baldwin,37
Steve Buscemi,37
The Black Keys,37
Jason Segel,37
Jim Henson's Muppets,37
Paul Rudd,37
Florence + The Machine,37
Jon Huntsman,37
Kermit The Frog,37
Florence Welch,37
Olivia Wilde,37
Alan Wong,37
Emma Stone,37
Andrew Garfield,37
Coldplay,37
Chris Martin,37
Shelly Gossman,37
Charlie Day,37
Danny DeVito,37
Adam Levine,37
Maroon 5,37
Travie McCoy,37
Anna Faris,37
Drake,37
Nicki Minaj,37
Ben Stiller,37
Hugh Jackman,37
Foster The People,37
Kenny G,37
Melissa McCarthy,37
Lady Antebellum,37
Seth Rogen,37
Radiohead,37
Colin Jost,37
Paul Brittain,36
Taran Killam,36
Jay Pharoah,36
Kenan Thompson,36
Justin Timberlake,36
Lady Gaga,36
Kristen Wiig,36
Fred Armisen,36
Bill Hader,36
Steve Higgins,36
Nasim Pedrad,36
Andy Samberg,36
Jason Sudeikis,36
Patricia Clarkson,36
Susan Sarandon,36
Seth Meyers,36
Bradley Cooper,36
Abby Elliott,36
Bobby Moynihan,36
Jimmy Fallon,36
Vanessa Bayer,36
Ed Helms,36
Paul Simon,36
Chris Colfer,36
Lindsey Buckingham,36
Jon Hamm,36
Stephen Colbert,36
Steve Carell,36
Robert Smigel,36
Don Pardo,36
Jim Downey,36
Tina Fey,36
Maya Rudolph,36
Darrell Hammond,36
Michael Bolton,36
Robin Wright,36
Akiva Schaffer,36
Jorma Taccone,36
Ellie Goulding,36
Helen Mirren,36
Dave Grohl,36
Paula Pell,36
Foo Fighters,36
Ken Aymong,36
Elton John,36
Carmelo Anthony,36
Tom Hanks,36
Will Forte,36
Lorne Michaels,36
Leon Russell,36
Jake Gyllenhaal,36
Zach Galifianakis,36
Jessie J,36
B.o.B,36
Miley Cyrus,36
The Strokes,36
Russell Brand,36
Mike O'Brien,36
Kent Sublette,36
Chris Brown,36
Dana Carvey,36
Mike Myers,36
Phil Hartman,36
Jon Lovitz,36
Justin Bieber,36
Linkin Park,36
Danielle Flora,36
Jesse Eisenberg,36
Dex Carvey,36
Tom Carvey,36
Mark Zuckerberg,36
Nicki Minaj,36
John Waters,36
Gwyneth Paltrow,36
Cee Lo Green,36
Anderson Cooper,36
Pee-Wee Herman,36
Jim Carrey,36
The Black Keys,36
Jeff Bridges,36
Cookie Monster,36
Akon,36
Blake Lively,36
Jessica Alba,36
John McEnroe,36
Eminem,36
Lil Wayne,36
Shelly Gossman,36
Paul Rudd,36
Paul McCartney,36
Alan Wong,36
Mario Batali,36
Robert DeNiro,36
Rob Klein,36
Robin Williams,36
Diddy-Dirty Money,36
Ben Stiller,36
Sean Combs,36
Swizz Beatz,36
Anne Hathaway,36
Florence + The Machine,36
Scarlett Johansson,36
Donna Richards,36
Arcade Fire,36
Rihanna,36
Colin Jost,36
David Spade,36
Emma Stone,36
Kings of Leon,36
John Mulaney,36
Jane Lynch,36
Bruno Mars,36
Bryan Cranston,36
Ernest Borgnine,36
Morgan Freeman,36
Kanye West,36
Pusha T,36
Amy Poehler,36
Rachel Dratch,36
Katy Perry,36
David Paterson,36
Peter Sarsgaard,36
Fred Armisen,35
Bill Hader,35
Steve Higgins,35
Jason Sudeikis,35
Alec Baldwin,35
Steve Martin,35
Tom Petty,35
Danielle Flora,35
Bobby Moynihan,35
Nasim Pedrad,35
Andy Samberg,35
Jorma Taccone,35
Abby Elliott,35
Kenan Thompson,35
Kristen Wiig,35
Will Forte,35
Jessi Klein,35
John Lutz,35
Paula Pell,35
Jenny Slate,35
John Solomon,35
Kent Sublette,35
Alan Wong,35
Tom Petty & The Heartbreakers,35
Seth Meyers,35
Betty White,35
Amy Poehler,35
Ana Gasteyer,35
Maya Rudolph,35
Molly Shannon,35
Rachel Dratch,35
Tina Fey,35
Jay-Z,35
Bridget Kelly,35
Mr Hudson,35
Gabourey Sidibe,35
MGMT,35
John Mulaney,35
Gena Rositano,35
Ryan Phillippe,35
Ke$ha,35
Justin Bieber,35
Mark Sanchez,35
Jude Law,35
Julian Casablancas,35
Akiva Schaffer,35
Pearl Jam,35
Jerry Seinfeld,35
Colin Jost,35
Mike O'Brien,35
Jim Downey,35
Zach Galifianakis,35
Anthony Anderson,35
Brian Williams,35
Dr. Mehmet Oz,35
Jack McBrayer,35
Jane Krakowski,35
Jeremy Sisto,35
Vampire Weekend,35
Frank Rich,35
Paul Rudd,35
Jennifer Lopez,35
Ashton Kutcher,35
Them Crooked Vultures,35
Dave Grohl,35
Jon Hamm,35
Michael Buble,35
Bryan Tucker,35
Sharon Jones,35
Darrell Hammond,35
Sigourney Weaver,35
James Cameron,35
Lorne Michaels,35
The Ting Tings,35
Charles Barkley,35
Hannibal Buress,35
Alicia Keys,35
James Franco,35
Mike Tyson,35
Muse,35
Taylor Lautner,35
Don Pardo,35
Bon Jovi,35
Blake Lively,35
Rihanna,35
Young Jeezy,35
Joseph Gordon-Levitt,35
Dave Matthews,35
Al Gore,35
Mindy Kaling,35
Dave Matthews Band,35
January Jones,35
Black Eyed Peas,35
Taylor Swift,35
Dwayne Johnson,35
Gerard Butler,35
Shakira,35
Drew Barrymore,35
Justin Long,35
Regina Spektor,35
Ryan Reynolds,35
Elijah Wood,35
Scarlett Johansson,35
Lady Gaga,35
Madonna,35
Rob Klein,35
Megan Fox,35
U2,35
Emily Spivey,35
Brian Austin Green,35
Will Ferrell,34
Abby Elliott,34
Darrell Hammond,34
Fred Armisen,34
Steve Higgins,34
Michaela Watkins,34
Kristen Wiig,34
Casey Wilson,34
Norm MacDonald,34
Tom Hanks,34
Bill Hader,34
Kenan Thompson,34
Green Day,34
Seth Meyers,34
Amy Poehler,34
Maya Rudolph,34
Will Forte,34
Bobby Moynihan,34
Jason Sudeikis,34
Anne Hathaway,34
Artie Lange,34
Elisabeth Moss,34
Paul Rudd,34
Andy Samberg,34
Justin Timberlake,34
Wally Feresten,34
Lorne Michaels,34
Patricia Clarkson,34
Susan Sarandon,34
Ciara,34
Chris Pine,34
Zachary Quinto,34
Leonard Nimoy,34
Jimmy Fallon,34
Zac Efron,34
Jim Downey,34
Yeah Yeah Yeahs,34
Gena Rositano,34
Seth Rogen,34
Paula Pell,34
John Mulaney,34
Akiva Schaffer,34
Jorma Taccone,34
Phoenix,34
Tracy Morgan,34
Tina Fey,34
John Cena,34
Simon Rich,34
Emily Spivey,34
Stuart Margolin,34
Kelly Clarkson,34
James Anderson,34
Colin Jost,34
Rob Klein,34
John Lutz,34
Bryan Tucker,34
Dwayne Johnson,34
Richard Dean Anderson,34
Ray LaMontagne,34
Jessica Biel,34
Dan Aykroyd,34
Alec Baldwin,34
Jack McBrayer,34
Jonas Brothers,34
Cameron Diaz,34
Bradley Cooper,34
James Lipton,34
T-Pain,34
TV on the Radio,34
Drew Barrymore,34
Steve Martin,34
Liz Cackowski,34
Jason Mraz,34
Britney Haas,34
Craig Eastman,34
Michael Daves,34
Skip Ward,34
Colbie Caillat,34
Rosario Dawson,34
Fleet Foxes,34
Neil Patrick Harris,34
Taylor Swift,34
John Solomon,34
Liza Minnelli,34
Danielle Flora,34
Hugh Laurie,34
Bill Corsair,34
Kanye West,34
Don Pardo,34
John Malkovich,34
T.I.,34
Jamie-Lynn Sigler,34
Molly Sims,34
Swizz Beatz,34
Tim McGraw,34
Ludacris,34
Beyonce,34
Cindy McCain,34
Sen. John McCain,34
Ben Affleck,34
David Cook,34
Jon Hamm,34
John Slattery,34
Coldplay,34
Mark Wahlberg,34
Sarah Palin,34
Josh Brolin,34
Oliver Stone,34
Adele,34
Queen Latifah,34
The Killers,34
Anna Faris,34
Chris Parnell,34
Duffy,34
James Franco,34
Alan Wong,34
Blake Lively,34
Kings of Leon,34
Kumail Nanjiani,34
Michael Phelps,34
Debbie Phelps,34
William Shatner,34
Lil Wayne,34
Jared Fogel,34
Steve Carell,33
Fred Armisen,33
Will Forte,33
Bill Hader,33
Darrell Hammond,33
Colin Jost,33
Rob Klein,33
Amy Poehler,33
Simon Rich,33
Andy Samberg,33
Marika Sawyer,33
Jason Sudeikis,33
Kenan Thompson,33
Kristen Wiig,33
Casey Wilson,33
Alan Wong,33
Nancy Walls,33
Ricky Gervais,33
Sen. John McCain,33
Usher,33
Seth Meyers,33
Steve Higgins,33
Young Jeezy,33
Shia LaBeouf,33
John Lutz,33
Bryan Tucker,33
My Morning Jacket,33
Doug Abeles,33
Alex Baze,33
Wally Feresten,33
Lorne Michaels,33
John Solomon,33
Jim Downey,33
Ashton Kutcher,33
Demi Moore,33
Cameron Diaz,33
Paula Pell,33
Gnarls Barkley,33
Christopher Walken,33
Tina Fey,33
Christopher Dodd,33
Panic At The Disco,33
Jonah Hill,33
Mariah Carey,33
Tracy Morgan,33
T-Pain,33
Amy Adams,33
Vampire Weekend,33
Hillary Clinton,33
Vincent D'Onofrio,33
Ellen Page,33
Robert Smigel,33
Wilco,33
Rudy Giuliani,33
Amber Lee Ettinger,33
Steve Martin,33
Carrie Underwood,33
Mike Huckabee,33
Don Pardo,33
Barack Obama,33
Horatio Sanz,33
Brian Williams,33
Maya Rudolph,33
Al Roker,33
Bono,33
Matt Lauer,33
Feist,33
Lenny Pickett,33
Steve Turre,33
Danielle Flora,33
Jon Bon Jovi,33
Richie Sambora,33
Liz Cackowski,33
Marci Klein,33
Bon Jovi,33
Dave Grohl,33
Taylor Hawkins,33
Jorma Taccone,33
Foo Fighters,33
Jack Nicholson,33
Seth Rogen,33
Spoon,33
Chevy Chase,33
LeBron James,33
Adam Levine,33
Jake Gyllenhaal,33
Kanye West,33
Stephen Colbert,33
Darrell Hammond,32
Steve Higgins,32
Maya Rudolph,32
Jason Sudeikis,32
Zach Braff,32
Amy Poehler,32
Andy Samberg,32
Kenan Thompson,32
Jorma Taccone,32
Fred Armisen,32
Will Forte,32
Bill Hader,32
Kristen Wiig,32
Danielle Flora,32
Robert Smigel,32
Maroon 5,32
Seth Meyers,32
Doug Abeles,32
John Lutz,32
John Solomon,32
Molly Shannon,32
Lorne Michaels,32
Don Pardo,32
Linkin Park,32
Sen. Charles Schumer,32
Jim Downey,32
Scarlett Johansson,32
Bryan Tucker,32
Bjork,32
Shia LaBeouf,32
Wally Feresten,32
Phil Hyms,32
Alec Baldwin,32
Avril Lavigne,32
Gena Rositano,32
Peyton Manning,32
Archie Manning,32
Eli Manning,32
Olivia Manning,32
Carrie Underwood,32
Dan Aykroyd,32
Chris Rock,32
Julia Louis-Dreyfus,32
Snow Patrol,32
Rainn Wilson,32
Rashida Jones,32
Arcade Fire,32
Colin Jost,32
Michael Shoemaker,32
Forest Whitaker,32
Ken Aymong,32
Akiva Schaffer,32
Keith Urban,32
Katreese Barnes,32
Drew Barrymore,32
Lily Allen,32
Horatio Sanz,32
Ana Gasteyer,32
Jeremy Piven,32
AFI,32
Common,32
Jake Gyllenhaal,32
Liz Cackowski,32
The Shins,32
Justin Timberlake,32
Jimmy Fallon,32
Annette Bening,32
Matthew Fox,32
Gwen Stefani,32
Akon,32
Tenacious D,32
Emily Spivey,32
Ludacris,32
Mary J. Blige,32
Tina Fey,32
Tracy Morgan,32
Takeru Kobayashi,32
Martin Short,32
Paul McCartney,32
Steve Martin,32
Christina Aguilera,32
Tony Bennett,32
Will Ferrell,32
Ken Davitian,32
Sacha Baron Cohen,32
Hugh Laurie,32
Beck,32
John C. Reilly,32
My Chemical Romance,32
Paula Pell,32
Jaime Pressly,32
Corinne Bailey Rae,32
Dane Cook,32
The Killers,32
Brian Williams,32
Lenny Pickett,32
Steve Turre,32
Rachel Dratch,31
Darrell Hammond,31
Steve Higgins,31
Seth Meyers,31
Kenan Thompson,31
Kevin Spacey,31
Chris Parnell,31
Jason Sudeikis,31
Kristen Wiig,31
Finesse Mitchell,31
Amy Poehler,31
Maya Rudolph,31
Horatio Sanz,31
Andy Samberg,31
Jorma Taccone,31
Nelly Furtado,31
Timbaland,31
Jimmy Fallon,31
Tina Fey,31
Fred Armisen,31
Will Forte,31
Bill Hader,31
Stacey Foster,31
John Lutz,31
Al Gore,31
Julia Louis-Dreyfus,31
Jason Alexander,31
Jerry Seinfeld,31
James Anderson,31
Liz Cackowski,31
Wally Feresten,31
Phil Hyms,31
Colin Jost,31
Paula Pell,31
Emily Spivey,31
Bryan Tucker,31
Paul Simon,31
Tom Hanks,31
Red Hot Chili Peppers,31
Lindsay Lohan,31
Michael Lohan,31
Lorne Michaels,31
Pearl Jam,31
Antonio Banderas,31
Mary J. Blige,31
Chris Kattan,31
Matt Dillon,31
J.B. Smoove,31
Arctic Monkeys,31
Natalie Portman,31
Dennis Haysbert,31
Tracy Morgan,31
Fall Out Boy,31
Steve Martin,31
Alec Baldwin,31
Kelly Ripa,31
Prince,31
Tamar,31
Brian Williams,31
Conan O'Brien,31
Gideon Yago,31
Scarlett Johansson,31
Donna Richards,31
Peter Sarsgaard,31
The Strokes,31
Drew Barrymore,31
Robert Smigel,31
Death Cab For Cutie,31
Jack Black,31
Neil Young,31
Johnny Knoxville,31
Darlene Love,31
Kyle Gass,31
Tim Meadows,31
Dave Foley,31
Phil Gordon,31
Shakira,31
Will Ferrell,31
Alejandro Sanz,31
Dane Cook,31
James Blunt,31
Eva Longoria,31
Korn,31
Jason Lee,31
Foo Fighters,31
Lance Armstrong,31
Sheryl Crow,31
Scott Podsednik,31
Catherine Zeta-Jones,31
Danielle Flora,31
Franz Ferdinand,31
Don Pardo,31
Jon Heder,31
Ashlee Simpson,31
Steve Carell,31
Kanye West,31
Mike Myers,31
Adam Levine,31
Darrell Hammond,21
John Henry Kurtz,21
Norm MacDonald,21
Jim Carrey,21
Adam McKay,21
Will Ferrell,21
Mark McKinney,21
Cheri Oteri,21
Jim Breuer,21
Chris Kattan,21
David Koechner,21
Andy Murphy,21
Matt Piedmont,21
Molly Shannon,21
Nancy Walls,21
Tim Meadows,21
Don Pardo,21
Soundgarden,21
David Spade,21
Steve Higgins,21
Fred Wolf,21
Joe Dicso,21
Dennis Rodman,21
Ryan Shiraki,21
Christine Baranski,21
Cindy Caponera,21
Wally Feresten,21
Hugh Fink,21
Paula Pell,21
Tom Gianas,21
Colin Quinn,21
The Cure,21
Cheryl Hardwick,21
Jim Gaffigan,21
Jack Handey,21
Teri Hatcher,21
Sam Waterston,21
Dave Matthews Band,21
Erin Maroney,21
Lori Nasso,21
Steve Forbes,21
Jim Downey,21
Tim Herlihy,21
Michael Shoemaker,21
Rage Against The Machine,21
Dennis McNicholas,21
Catherine Forbes,21
Elizabeth Forbes,21
Moira Forbes,21
Roberta Forbes,21
Sabina Beekman,21
Sabina Forbes,21
Phil Hartman,21
Lorne Michaels,21
Gin Blossoms,21
Stacey Foster,21
John Goodman,21
Elle MacPherson,21
Kurt Loder,21
Everclear,21
Frank Sebastiano,21
John Zonars,21
Sting,21
Tom Arnold,21
Tupac Shakur,21
Danny Boy,21
Roger Troutman,21
Adam Sandler,21
Danny Aiello,21
Coolio,21
Larry Brown,21
Chris Farley,21
L.V.,21
Alec Baldwin,21
Tori Amos,21
George Pataki,21
Rudy Giuliani,21
Christopher Walken,21
Joan Osborne,21
Madeline Kahn,21
Bush,21
Rich Francese,21
David Alan Grier,21
Silverchair,21
Michael McKean,21
Anthony Edwards,21
Foo Fighters,21
Laura Leighton,21
Grant Show,21
Rancid,21
Sean Penn,21
Quentin Tarantino,21
The Smashing Pumpkins,21
Robert Hegyes,21
Bill Bradley,21
Lamar Alexander,21
Gabriel Byrne,21
Alanis Morissette,21
Chipper Jones,21
Chrissie Hynde,21
Mark Wohlers,21
Tom Glavine,21
David Schwimmer,21
Barry Williams,21
Gary Coleman,21
Jennifer Aniston,21
Jimmie Walker,21
Lisa Kudrow,21
Natalie Merchant,21
Jennifer Turner,21
Katell Keineg,21
Chevy Chase,21
Mariel Hemingway,21
Beth McCarthy Miller,21
Lisa Loeb,21
Don Novello,21
Blues Traveler,21
Ed Koch,8
Joe Piscopo,8
Gary Kroeger,8
Eddie Murphy,8
Mary Gross,8
Brad Hall,8
Tim Kazurinsky,8
Julia Louis-Dreyfus,8
Kevin Rowland & Dexy's Midnight Runners,8
Don King,8
Robin Duke,8
Harry Anderson,8
Leslie Pollack,8
Marv Albert,8
Stevie Wonder,8
Ronnie Cuber,8
Tom Malone,8
Lou Marini,8
Alan P. Rubin,8
Andy Murphy,8
Michael Davis,8
Greg Dean,8
Susan Saint James,8
James Pickens Jr.,8
Michael McDonald,8
Edgar Winter,8
Steve Jordan,8
Steven Wright,8
Joan Rivers,8
David Susskind,8
Clint Smith,8
Musical Youth,8
Jackson Beck,8
Andrew Smith,8
Robert Guillaume,8
Don Pardo,8
Duran Duran,8
Bruce Dern,8
Leon Redbone,8
Beau Bridges,8
Jeff Bridges,8
Lloyd Bridges,8
Joe Dicso,8
Laurie Zaks,8
Randy Newman,8
Georg Wadenius,8
Howard Hesseman,8
Milan Melvin,8
Tom Petty & The Heartbreakers,8
Sid Caesar,8
Joe Cocker,8
Jennifer Warnes,8
Rick Moranis,8
Dave Thomas,8
The Bus Boys,8
Lily Tomlin,8
Andy Kaufman,8
Barry Mitchell,8
Lee Mayman,8
Lionel Richie,8
Seth Green,8
Steve Martin,8
Tom Smothers,8
Dick Smothers,8
Lawrence K. Grossman,8
Laura Branigan,8
Drew Barrymore,8
Squeeze,8
Ed Asner,8
Robert Blake,8
Merv Griffin,8
Dave Wilson,8
Kenny Loggins,8
Dick Ebersol,8
Michael Keaton,8
Michael Palin,8
The New Joe Jackson Band,8
Men At Work,8
Bill Irwin,8
Ron Howard,8
Andy Griffith,8
Rex Reed,8
The Clash,8
Rosie Schuster,8
Louis Gossett Jr.,8
Mr. T,8
George Thorogood & The Destroyers,8
Eliot Wald,8
Chevy Chase,8
John Zacherle,8
Queen,8
Gene Siskel,8
Roger Ebert,8
Chevy Chase,6
Denny Dillon,6
Yvonne Hudson,6
Tim Kazurinsky,6
Gail Matthius,6
Joe Piscopo,6
Tony Rosato,6
Eddie Murphy,6
Liz Welch,6
Jr. Walker & The All Stars,6
Laurie Metcalf,6
Al Franken,6
Robin Duke,6
Michael O'Donoghue,6
Christopher Reeve,6
Robin Williams,6
Bill Murray,6
Gilbert Gottfried,6
Ann Risley,6
Charles Rocket,6
Matthew Laurance,6
Delbert McClinton,6
Bonnie Bramlett,6
Ronnie Cuber,6
Tom Malone,6
Lou Marini,6
Alan P. Rubin,6
Mark King,6
Neil Levy,6
Karen Roston,6
Paul Shaffer,6
Patrick Weathers,6
Brian Doyle-Murray,6
Marc Weiner,6
Charlene Tilton,6
Todd Rundgren,6
Don King,6
Joe Dicso,6
Prince,6
Deborah Harry,6
Don Pardo,6
Andy Murphy,6
Chris Stein,6
Janice Pendarvis,6
Marcus Miller,6
Leon Pendarvis,6
Georg Wadenius,6
Buddy Williams,6
Clem Burke,6
Funky 4 + 1 More,6
Terry Sweeney,6
Sally Kellerman,6
Dave Wilson,6
Jimmy Cliff,6
Barry W. Blaustein,6
David Sheffield,6
Jim Fowler,6
Robert Hays,6
Al Camoin,6
Al Siegal,6
Michael Nesmith,6
Harry Osborne,6
14 Karat Soul,6
"Joe ""King"" Carrasco & The Crowns",6
Karen Black,6
Cheap Trick,6
Pete Fatovich,6
Stanley Clarke Trio,6
Ray Sharkey,6
Elliott Randall,6
Jack Bruce & Friends,6
David Carradine,6
Linda Ronstadt,6
George Rose,6
Rex Smith,6
"The cast of ""The Pirates of Penzance""",6
Mitchell Kriegman,6
Mitchell Laurance,6
Bill Irwin,6
Jamie Lee Curtis,6
James Brown,6
Danny DeVito,6
William Duff-Griffin,6
Ellen Shipley,6
Ellen Burstyn,6
Aretha Franklin,6
David Sanborn,6
Bill Paxton,6
Keith Sykes,6
Malcolm McDowell,6
Captain Beefheart & The Magic Band,6
Elliott Gould,6
Kid Creole & The Coconuts,6
Jim Downey,5
Bill Murray,5
Paul Shaffer,5
Harry Shearer,5
Buck Henry,5
Lee Mayman,5
Matt Neuman,5
Don Pardo,5
Liz Welch,5
Walter Williams,5
Peter Aykroyd,5
Anne Beatts,5
Jane Curtin,5
Tom Davis,5
Brian Doyle-Murray,5
Tom Gammill,5
Garrett Morris,5
Laraine Newman,5
Sarah Paley,5
Max Pross,5
Gilda Radner,5
Karen Roston,5
Alan Zweibel,5
Joe Dicso,5
Andrew Gold,5
Richard Belzer,5
Nil Nichols,5
Andy Murphy,5
Al Franken,5
Yvonne Hudson,5
Akira Yoshimura,5
Andrae Crouch,5
The Voices Of Unity,5
Don Novello,5
Steve Martin,5
3-D,5
Paul McCartney,5
Linda McCartney,5
Howard Johnson,5
Lou Marini,5
David Sanborn,5
Howard Shore,5
Bob Newhart,5
The Amazing Rhythm Aces,5
Bruce Cockburn,5
Strother Martin,5
Tom Schiller,5
The Specials,5
Rosie Schuster,5
Al Siegal,5
Burt Reynolds,5
Anne Murray,5
Paula Prentiss,5
Richard Benjamin,5
The Grateful Dead,5
John Belushi,5
Michael O'Donoghue,5
Carrie Fisher,5
Sen. Daniel P. Moynihan,5
Franne Lee,5
James Taylor,5
Paul Simon,5
Tom Malone,5
Ralph Nader,5
Michael Palin,5
Steve Jordan,5
Cheryl Hardwick,5
Georg Wadenius,5
Rodney Dangerfield,5
The J. Geils Band,5
Jerry Mathers,5
Tony Dow,5
Rob Morrow,5
Kirk Douglas,5
Lucie Lancaster,5
Lorne Michaels,5
Mitchell Laurance,5
Sam & Dave,5
Jack Garner,5
Joan Hackett,5
Elliott Gould,5
Gary Numan,5
Chevy Chase,5
Marianne Faithfull,5
Bert Convy,5
Tom Scott,5
Marcus Miller,5
Buddy Williams,5
Teri Garr,5
John B. Anderson,5
The B-52's,5
Ted Knight,5
Desmond Child & Rouge,5
G.E. Smith,5
Andy Kaufman,5
Bob Zmuda,5
Buddy Rogers,5
Diana Peckham,5
Martin Sheen,5
David Bowie,5
Doc Zorthian,5
Howard Hesseman,5
Randy Newman,5
Bea Arthur,5
The Roches,5
Tom Petty & The Heartbreakers,5
Bill Russell,5
Ed Herlihy,5
Chicago,5
Willie Day,5
Eric Idle,5
Bob Dylan,5
Fred Tackett,5
Blondie,5
John Belushi,4
Jane Curtin,4
Heino Ripp,4
Walter Williams,4
Dave Wilson,4
Buck Henry,4
Bill Murray,4
Dan Aykroyd,4
Gilda Radner,4
Bette Midler,4
Luther Vandross,4
Lew Del Gatto,4
Cheryl Hardwick,4
Howard Johnson,4
Will Lee,4
Tom Malone,4
Lou Marini,4
Alan P. Rubin,4
Buddy Williams,4
Garrett Morris,4
Laraine Newman,4
Tom Davis,4
Al Franken,4
Brian McConnachie,4
Tom Schiller,4
Michael O'Donoghue,4
Maureen Stapleton,4
Michael Palin,4
James Taylor,4
Don Grolnick,4
The Section,4
Russ Kunkel,4
Brian Doyle-Murray,4
Nil Nichols,4
Alan Zweibel,4
Don Novello,4
Milton Berle,4
Paul Shaffer,4
Craig Nettles,4
Ornette Coleman,4
Prime Time,4
Buddy Freed,4
Marvin Goldhar,4
Joe Dicso,4
Richard Benjamin,4
Rodney Dangerfield,4
Anne Beatts,4
Jim Downey,4
Lee Mayman,4
Rosie Schuster,4
Liz Welch,4
Nelson Briles,4
Steve Henderson,4
Ed Kranepool,4
Rickie Lee Jones,4
Marv Albert,4
Neil Levy,4
Andy Murphy,4
Margot Kidder,4
Audrey Peart Dickman,4
Pete Fatovich,4
Yvonne Hudson,4
Phil Hyms,4
Lorne Michaels,4
Karen Roston,4
The Chieftans,4
Gary Busey,4
Eubie Blake,4
Gregory Hines,4
Bob Cranshaw,4
Bert Jones,4
Paul Butterfield,4
Rick Danko,4
Kate Jackson,4
Delbert McClinton,4
Rick Nelson,4
Mitchell Laurance,4
Elliott Randall,4
Howard Shore,4
Judy Collins,4
Cicely Tyson,4
Mauricio Smith,4
Talking Heads,4
Don Pardo,4
The Doobie Brothers,4
Elliott Gould,4
Peter Tosh,4
Mick Jagger,4
Bob & Ray,4
Eric Idle,4
Kate Bush,4
Walter Matthau,4
George Coe,4
Charlie Matthau,4
Tom Scott,4
Steve Jordan,4
Carrie Fisher,4
The Grateful Dead,4
Bill Kreutzmann,4
Steve Martin,4
Willie Day,4
Van Morrison,4
Frank Zappa,4
Fred Willard,4
Al Siegal,4
Devo,4
Dan Aykroyd,3
Brian Doyle-Murray,3
Garrett Morris,3
Buck Henry,3
Jane Curtin,3
Bill Murray,3
Gilda Radner,3
John Belushi,3
Mitchell Laurance,3
Andy Murphy,3
Laraine Newman,3
Don Novello,3
Tom Schiller,3
Michael O'Donoghue,3
Tom Davis,3
Al Franken,3
Sun Ra,3
Bob Cranshaw,3
Richard Dreyfuss,3
Jimmy Buffett,3
Anne Beatts,3
Lee Mayman,3
Rosie Schuster,3
Paul Shaffer,3
Gary Tigerman,3
Lew Del Gatto,3
Cheryl Hardwick,3
Howard Johnson,3
Bert Jones,3
Steve Jordan,3
Tom Malone,3
Lou Marini,3
Alan P. Rubin,3
Howard Shore,3
Mauricio Smith,3
Steve Martin,3
Emily Prager,3
Alan Zweibel,3
Jim Downey,3
Yvonne Hudson,3
Nil Nichols,3
Toni Basil,3
Michael Sarrazin,3
Keith Jarrett,3
Marilyn Suzanne Miller,3
Gravity,3
Michael Palin,3
Willie Day,3
Marv Albert,3
Neil Levy,3
Eugene Record,3
Akira Yoshimura,3
Christopher Lee,3
Meat Loaf,3
Stacy Keach,3
Rick Overton,3
Richard Belzer,3
Walter Williams,3
Cheetah Chrome,3
Jill Clayburgh,3
Karen Roston,3
Eddie Money,3
Art Garfunkel,3
Stephen Bishop,3
Andy Kaufman,3
Lorne Michaels,3
O.J. Simpson,3
Ashford & Simpson,3
Chevy Chase,3
Robert Klein,3
Bonnie Raitt,3
Bob Van Ry,3
Franne Lee,3
Don Pardo,3
The Dirt Band,3
Randy Newman,3
Elliott Randall,3
Andrew Gold,3
Miskel Spillman,3
Elvis Costello,3
Joe Franken (I),3
Phoebe Franken,3
Mary Kay Place,3
Willie Nelson,3
Connie Crawford,3
David Lewis,3
Deb Blair,3
Richard Kneip,3
Leon Redbone,3
The Original Sloth Band,3
Ray Charles,3
"David ""Fathead"" Newman",3
Hank Crawford,3
Leroy Cooper,3
Marcus Belgrave,3
Phillip Guilbeau,3
The Raelettes,3
Franklyn Ajaye,3
Charles Grodin,3
Joe Dicso,3
Paul Simon,3
The Persuasions,3
Toots Thielemans,3
Hugh Hefner,3
Libby Titus,3
Madeline Kahn,3
Taj Mahal,3
Jackson Browne,3
The Section,3
David Lindley,3
Dan Aykroyd,2
Laraine Newman,2
Gilda Radner,2
Buck Henry,2
Edie Baskin,2
Lorne Michaels,2
Karen Roston,2
John Belushi,2
Garrett Morris,2
Jennifer Warnes,2
Kenny Vance,2
Bob Cranshaw,2
Bert Jones,2
David Lasley,2
Dahaud Elias Shaar,2
Howard Shore,2
Bill Murray,2
Jane Curtin,2
Chevy Chase,2
Bella Abzug,2
Anne Beatts,2
Marilyn Suzanne Miller,2
Rosie Schuster,2
Howard Johnson,2
Lou Marini,2
Alan P. Rubin,2
Mauricio Smith,2
Cheryl Hardwick,2
Tom Malone,2
Paul Shaffer,2
Tom Davis,2
Jim Downey,2
Al Franken,2
Michael O'Donoghue,2
Emily Prager,2
Tom Schiller,2
Alan Zweibel,2
Shelley Duvall,2
Bob Van Ry,2
Mitchell Laurance,2
Neil Levy,2
Joan Armatrading,2
Spalding Gray,2
Eric Idle,2
Jeanette Charles,2
Franne Lee,2
Alan Price,2
Elliott Randall,2
Neil Innes,2
Gary Weis,2
Don Pardo,2
Lew Del Gatto,2
Elliott Gould,2
The McGarrigle Sisters,2
Roslyn Kind,2
Jacqueline Carlin,2
Julian Bond,2
Tom Waits,2
Brick,2
Patti Smith,2
Jack Burns,2
Santana,2
Linda Ronstadt,2
Broderick Crawford,2
Dr. John,2
Levon Helm,2
Paul Butterfield,2
The Meters,2
Sissy Spacek,2
Pete Fatovich,2
Heino Ripp,2
Dave Wilson,2
Joe Dicso,2
Richard Baskin,2
Steve Martin,2
The Kinks,2
Lily Tomlin,2
Buster Holmes,2
Fran Tarkenton,2
Leo Sayer,2
Don Grolnick,2
Ronnie Cuber,2
Donny Harper & The Voices Of Tomorrow,2
Bob Dryden,2
Ruth Gordon,2
Chuck Berry,2
Ricky Jay,2
Walter Williams,2
Ralph Nader,2
George Benson,2
Willie Day,2
Phil Hyms,2
Al Siegal,2
Andy Kaufman,2
Andrew Duncan,2
Candice Bergen,2
Frank Zappa,2
Diana Nyad,2
Jodie Foster,2
Brian Wilson,2
Paul Simon,2
George Harrison,2
Olivia Harrison,2
Jim Keltner,2
Ron Wood,2
Tom Scott,2
Dick Cavett,2
Ry Cooder,2
Flaco Jimenez,2
Ann Risley,2
Bruce McCall,2
The Band,2
Kinky Friedman,2
Bill Wegman,2
Karen Black,2
John Prine,2
George Schultz,2
Richard Belzer,2
Joe Cocker,2
Garry Trudeau,2
Stuff,2
Norman Lear,2
Bea Arthur,2
Bernadette Peters,2
Caroll O'Connor,2
Isabel Sanford,2
Jean Stapleton,2
Nancy Walker,2
Richard Crenna,2
Sherman Helmsley,2
Boz Scaggs,2
Will Lee,2
Kate Lear,2
James Taylor,2
The Section,2
Jim Henson's Muppets,2
David Sanborn,2
Taylor Mead,2
Kris Kristofferson,1
Rita Coolidge,1
Chevy Chase,1
Laraine Newman,1
John Belushi,1
Gilda Radner,1
Garrett Morris,1
Jane Curtin,1
Don Pardo,1
Dan Aykroyd,1
Michael O'Donoghue,1
Louise Lasser,1
Joe Dicso,1
Al Siegal,1
Tom Schiller,1
Dave Wilson,1
Michael Sarrazin,1
Audrey Peart Dickman,1
Lorne Michaels,1
Alan Zweibel,1
The Preservation Hall Jazz Band,1
Neil Levy,1
Elliott Gould,1
Paul Shaffer,1
Wendell Craig,1
Jacqueline Carlin,1
George Coe,1
Akira Yoshimura,1
Leon Redbone,1
Willie Day,1
Doris Powell,1
Charlie Lowe,1
Jonathan Dorn,1
Tom Davis,1
Al Franken,1
Harlan Collins,1
Joyce Everson,1
Bob Cranshaw,1
Lou Marini,1
Dahaud Elias Shaar,1
Buck Henry,1
Howard Shore,1
Gordon Lightfoot,1
Edie Baskin,1
Anne Beatts,1
Howard Johnson,1
Bert Jones,1
Tom Malone,1
Marilyn Suzanne Miller,1
Karen Roston,1
Alan P. Rubin,1
Rosie Schuster,1
Mauricio Smith,1
Cheryl Hardwick,1
Dyan Cannon,1
Leon & Mary Russell,1
Madeline Kahn,1
Jim Henson's Muppets,1
Carly Simon,1
Raquel Welch,1
Phoebe Snow,1
John Sebastian,1
President Gerald Ford,1
Ron Nessen,1
Patti Smith Group,1
Jerry Rubin,1
Billy Crystal,1
Anthony Perkins,1
Betty Carter,1
Chuck Scarborough,1
George Plimpton,1
Bill Wegman,1
Taylor Mead,1
Jill Clayburgh,1
The Singing Idlers,1
Andy Kaufman,1
Walter Williams,1
Desi Arnaz,1
Desi Arnaz Jr.,1
Peter Boyle,1
Andrew Duncan,1
Jenny Shapiro,1
The Shapiro Sisters,1
Al Jarreau,1
Bob Van Ry,1
Dick Cavett,1
Jimmy Cliff,1
Marshall Efron,1
Al Alen Petersen,1
Peter Cook,1
Dudley Moore,1
Neil Sedaka,1
Abbie Hoffman,1
Bill Withers,1
Toni Basil,1
Anne Murray,1
Paula Kahn,1
Pete Fatovich,1
Heino Ripp,1
Albert Brooks,1
Clifford Einstein,1
James L. Brooks,1
Julie Payne,1
Candice Bergen,1
Martha Reeves,1
The Stylistics,1
Margaret Kuhn,1
Richard Pryor,1
Gil Scott-Heron,1
Annazette Chase,1
Kathrine McKee,1
Thalmus Rasulala,1
Harry Shearer,1
Shelley Pryor,1
Lily Tomlin,1
Robert Klein,1
Abba,1
Loudon Wainwright III,1
Esther Phillips,1
Kay Lenz,1
Rene Auberjonois,1
Rob Reiner,1
Penny Marshall,1
The Lockers,1
Denny Dillon,1
Mark Hampton,1
Paul Simon,1
David Sanborn,1
Jesse Dixon Singers,1
Randy Newman,1
Connie Hawkins,1
Marv Albert,1
Art Garfunkel,1
Lew Del Gatto,1
Bill Bradley,1
George Carlin,1
Billy Preston,1
Richard Belzer,1
Janis Ian,1
Valri Bromfield,1
